{ "store": {
    "book": [ 
      { "category": "reference",
        "author": "李白",
        "title": "Sayings of the Century",
        "price": 8.95
      },
      { "category": "fiction",
        "author": "杜甫",
        "title": "Sword of Honour",
        "price": 12.99
      },
      { "category": "fiction",
        "author": "白居易",
        "title": "Moby Dick",
        "isbn": "0-553-21311-3",
        "price": 8.99
      },
      { "category": "fiction",
        "author": "苏轼",
        "title": "The Lord of the Rings",
        "isbn": "0-395-19395-8",
        "price": 22.99
      }
    ],
    "bicycle": {
      "color": "red",
      "price": 19.95
    }
  }
}