{"has_more": false, "message": "success", "data": [{"single_mode": true, "abstract": "中华民歌推荐！", "middle_mode": true, "more_mode": false, "tag": "video_variety", "has_gallery": false, "tag_url": "video", "title": "柏文《永远的草原》，嗓音清澈，听完仿佛醉倒在草原上", "has_video": true, "chinese_tag": "视频", "source": "中华民歌", "group_source": 2, "image_url": "https://p3.pstatp.com/list/190x124/pgc-image/15277568872379d89488911", "media_url": "/c/user/6100644287/", "media_avatar_url": "https://p3.pstatp.com/large/14f0023ce646dbd853b", "video_duration_str": "03:15", "source_url": "/group/6561665948183429639/", "article_genre": "video", "is_feed_ad": false, "video_id": "v02004180000bc7rdpt8n75uip254s0g", "behot_time": 1528334103, "comments_count": 22, "video_play_count": 51074, "group_id": "6561665948183429639"}, {"single_mode": true, "abstract": "美国怕不怕！火箭军“导弹战”锤炼实战能力！", "middle_mode": true, "more_mode": false, "tag": "video_military", "has_gallery": false, "tag_url": "video", "title": "美国怕不怕！火箭军“导弹战”锤炼实战能力！中国部队常态开训", "has_video": true, "chinese_tag": "视频", "source": "看看新闻", "group_source": 2, "image_url": "https://p1.pstatp.com/list/190x124/pgc-image/1527765365583ba6a372eca", "media_url": "/c/user/5839829632/", "media_avatar_url": "https://p1.pstatp.com/large/6cb0003068f5da06941", "video_duration_str": "02:08", "source_url": "/group/6561702374333743620/", "article_genre": "video", "is_feed_ad": false, "video_id": "v0201f660000bc7tj2ga2pejvu7fnj60", "behot_time": 1528333503, "comments_count": 274, "video_play_count": 914048, "group_id": "6561702374333743620"}, {"single_mode": true, "abstract": "欢乐斗地主 小炸弹组成的地主牌也敢开明牌 农民还不忘记帮提升一下倍数", "middle_mode": true, "more_mode": false, "tag": "video_game", "has_gallery": false, "tag_url": "video", "title": "欢乐斗地主 小炸弹组成的地主也敢开明牌 农民还不忘帮提升下倍数", "has_video": true, "chinese_tag": "视频", "source": "90游戏联盟", "group_source": 2, "image_url": "https://p1.pstatp.com/list/190x124/pgc-image/1527858962390ecd4f9e4f0", "media_url": "/c/user/5826677953/", "media_avatar_url": "https://p3.pstatp.com/large/10719/103425159", "video_duration_str": "02:52", "source_url": "/group/6562104877734953479/", "article_genre": "video", "is_feed_ad": false, "video_id": "v02004e70000bc8kcttds13bnru1uq8g", "behot_time": 1528332903, "comments_count": 1, "video_play_count": 2219, "group_id": "6562104877734953479"}, {"single_mode": true, "abstract": "熊出没玩超级飞侠小青趣变蛋变形飞机玩具", "middle_mode": true, "more_mode": false, "tag": "video_child", "tag_url": "video", "title": "熊出没玩超级飞侠小青趣变蛋变形飞机玩具", "has_video": true, "chinese_tag": "视频", "source": "宣宇爱玩", "group_source": 2, "has_gallery": false, "media_url": "/c/user/6477116156/", "media_avatar_url": "https://p1.pstatp.com/large/412000e996b4f6aec19", "video_duration_str": "09:59", "source_url": "/group/6561595653372248580/", "article_genre": "video", "is_feed_ad": false, "video_id": "v02004f50000bc7mkkna1hap4ab7h4l0", "behot_time": 1528332303, "image_url": "https://p9.pstatp.com/list/190x124/pgc-image/15277369191761b31574550", "video_play_count": 894, "group_id": "6561595653372248580"}, {"single_mode": true, "abstract": "笛子音乐天天听，欢迎关注笛声缘！", "middle_mode": true, "more_mode": false, "tag": "video_game", "has_gallery": false, "tag_url": "video", "title": "笛声缘：笛子《爱过你真的不后悔》伤感情歌，句句戳心！", "has_video": true, "chinese_tag": "视频", "source": "笛声缘", "group_source": 2, "image_url": "https://p9.pstatp.com/list/190x124/pgc-image/1527519738344b149c5fff9", "media_url": "/c/user/6020151951/", "media_avatar_url": "https://p3.pstatp.com/large/4d001940f4cdd2d47c", "video_duration_str": "04:15", "source_url": "/group/6560648038816154120/", "article_genre": "video", "is_feed_ad": false, "video_id": "v02004190000bc61fanu9qb9j9rq6dr0", "behot_time": 1528331703, "comments_count": 30, "video_play_count": 13792, "group_id": "6560648038816154120"}, {"single_mode": true, "abstract": "开空调时，这个开关一定要打开，一年帮家里省下不少钱，太实用了", "middle_mode": true, "more_mode": false, "tag": "video_life_tips", "tag_url": "video", "title": "开空调时，这个开关一定要打开，一年帮家里省下不少钱，太实用了", "has_video": true, "chinese_tag": "视频", "source": "文文龚", "group_source": 2, "has_gallery": false, "media_url": "/c/user/6704298885/", "media_avatar_url": "https://p3.pstatp.com/large/6cb001598d10062c20a", "video_duration_str": "02:02", "source_url": "/group/6562329533217767943/", "article_genre": "video", "is_feed_ad": false, "video_id": "v02004660000bc914hspg623e2sq08cg", "behot_time": 1528331103, "image_url": "https://p1.pstatp.com/list/190x124/pgc-image/1527911353356f715e35ab7", "video_play_count": 123, "group_id": "6562329533217767943"}, {"single_mode": true, "abstract": "女孩失去父亲，母亲离家出走，她的乐观却感动救助人", "middle_mode": true, "more_mode": false, "tag": "video_movie", "has_gallery": false, "tag_url": "video", "title": "心酸！山村女孩画了一棵树，背后故事看哭了", "has_video": true, "chinese_tag": "视频", "source": "二更", "group_source": 2, "image_url": "https://p3.pstatp.com/list/190x124/pgc-image/1527769632339a93bb300d8", "media_url": "/c/user/3844228581/", "media_avatar_url": "https://p3.pstatp.com/large/2531/5651518930", "video_duration_str": "09:39", "source_url": "/group/6561721496060822023/", "article_genre": "video", "is_feed_ad": false, "video_id": "v02004660000bc7uj11pskdjo7jbpifg", "behot_time": 1528330503, "comments_count": 108, "video_play_count": 363037, "group_id": "6561721496060822023"}], "next": {"max_behot_time": 1528330503}}