{
  "count" : 30,
  "totalcount" : "51708",
  "users" : [
    {
      "credit" : "803",
      "experience" : "680",
      "friendnum" : "19",
      "groupid" : "6",
      "headimage" : "/my/headimage.php?uid=50519",
      "lastactivity" : "1402365234",
      "realname" : "曉樂",
      "uid" : "50519",
      "username" : "魚曉樂",
      "viewnum" : "210"
    },
    {
      "credit" : "111",
      "experience" : "736",
      "friendnum" : "25",
      "groupid" : "6",
      "headimage" : "/my/headimage.php?uid=50972",
      "lastactivity" : 0,
      "realname" : "啊啊啊",
      "uid" : "50972",
      "username" : "小爪冰凉",
      "viewnum" : "86"
    },
    {
      "credit" : "138",
      "experience" : "260",
      "friendnum" : "12",
      "groupid" : "6",
      "headimage" : "/my/headimage.php?uid=51046",
      "lastactivity" : 0,
      "realname" : "妞妞",
      "uid" : "51046",
      "username" : "兜兜里有糖",
      "viewnum" : "33"
    },
    {
      "credit" : "55",
      "experience" : "45",
      "friendnum" : "0",
      "groupid" : "5",
      "headimage" : "/my/headimage.php?uid=51285",
      "lastactivity" : 0,
      "realname" : "",
      "uid" : "51285",
      "username" : "yang0123shu",
      "viewnum" : "0"
    },
    {
      "credit" : "554",
      "experience" : "507",
      "friendnum" : "4",
      "groupid" : "6",
      "headimage" : "/my/headimage.php?uid=49749",
      "lastactivity" : "1402365406",
      "realname" : "",
      "uid" : "49749",
      "username" : "zhaoshunxing",
      "viewnum" : "24"
    },
    {
      "credit" : "280",
      "experience" : "397",
      "friendnum" : "4",
      "groupid" : "6",
      "headimage" : "/my/headimage.php?uid=50971",
      "lastactivity" : 0,
      "realname" : "",
      "uid" : "50971",
      "username" : "麻瓜",
      "viewnum" : "41"
    },
    {
      "credit" : "31",
      "experience" : "21",
      "friendnum" : "0",
      "groupid" : "5",
      "headimage" : "/my/headimage.php?uid=51669",
      "lastactivity" : 0,
      "realname" : "",
      "uid" : "51669",
      "username" : "SexyAngel",
      "viewnum" : "2"
    },
    {
      "credit" : "268",
      "experience" : "243",
      "friendnum" : "5",
      "groupid" : "6",
      "headimage" : "/my/headimage.php?uid=50910",
      "lastactivity" : "1402363613",
      "realname" : "",
      "uid" : "50910",
      "username" : "1415030",
      "viewnum" : "23"
    },
    {
      "credit" : "40",
      "experience" : "30",
      "friendnum" : "0",
      "groupid" : "5",
      "headimage" : "/my/headimage.php?uid=51294",
      "lastactivity" : 0,
      "realname" : "",
      "uid" : "51294",
      "username" : "yang0123shu01",
      "viewnum" : "0"
    },
    {
      "credit" : "40",
      "experience" : "30",
      "friendnum" : "0",
      "groupid" : "0",
      "headimage" : "/my/headimage.php?uid=51267",
      "lastactivity" : 0,
      "realname" : "",
      "uid" : "51267",
      "username" : "nnnn",
      "viewnum" : "0"
    },
    {
      "credit" : "40",
      "experience" : "30",
      "friendnum" : "0",
      "groupid" : "0",
      "headimage" : "/my/headimage.php?uid=51275",
      "lastactivity" : 0,
      "realname" : "",
      "uid" : "51275",
      "username" : "jxtest01",
      "viewnum" : "0"
    },
    {
      "credit" : "373",
      "experience" : "350",
      "friendnum" : "0",
      "groupid" : "6",
      "headimage" : "/my/headimage.php?uid=49869",
      "lastactivity" : 0,
      "realname" : "",
      "uid" : "49869",
      "username" : "小鸡快跑",
      "viewnum" : "14"
    },
    {
      "credit" : "432",
      "experience" : "300",
      "friendnum" : "13",
      "groupid" : "6",
      "headimage" : "/my/headimage.php?uid=51051",
      "lastactivity" : 0,
      "realname" : "落落",
      "uid" : "51051",
      "username" : "我是落落",
      "viewnum" : "49"
    },
    {
      "credit" : "755",
      "experience" : "764",
      "friendnum" : "9",
      "groupid" : "6",
      "headimage" : "/my/headimage.php?uid=50240",
      "lastactivity" : "1402364590",
      "realname" : "",
      "uid" : "50240",
      "username" : "wzscr",
      "viewnum" : "44"
    },
    {
      "credit" : "276",
      "experience" : "269",
      "friendnum" : "3",
      "groupid" : "6",
      "headimage" : "/my/headimage.php?uid=50294",
      "lastactivity" : 0,
      "realname" : "薛飞龙",
      "uid" : "50294",
      "username" : "Flonger",
      "viewnum" : "20"
    },
    {
      "credit" : "413",
      "experience" : "313",
      "friendnum" : "10",
      "groupid" : "6",
      "headimage" : "/my/headimage.php?uid=51061",
      "lastactivity" : 0,
      "realname" : "通天塔",
      "uid" : "51061",
      "username" : "1415032",
      "viewnum" : "34"
    },
    {
      "credit" : "11",
      "experience" : "1900",
      "friendnum" : "28",
      "groupid" : "7",
      "headimage" : "/my/headimage.php?uid=49367",
      "lastactivity" : 0,
      "realname" : "",
      "uid" : "49367",
      "username" : "GPENGF",
      "viewnum" : "210"
    },
    {
      "credit" : "36",
      "experience" : "26",
      "friendnum" : "0",
      "groupid" : "5",
      "headimage" : "/my/headimage.php?uid=51238",
      "lastactivity" : 0,
      "realname" : "",
      "uid" : "51238",
      "username" : "小王八蛋",
      "viewnum" : "1"
    },
    {
      "credit" : "160",
      "experience" : "131",
      "friendnum" : "2",
      "groupid" : "6",
      "headimage" : "/my/headimage.php?uid=50970",
      "lastactivity" : 0,
      "realname" : "杨阳",
      "uid" : "50970",
      "username" : "a76603280",
      "viewnum" : "6"
    },
    {
      "credit" : "3",
      "experience" : "222",
      "friendnum" : "6",
      "groupid" : "6",
      "headimage" : "/my/headimage.php?uid=50973",
      "lastactivity" : 0,
      "realname" : "牛牛",
      "uid" : "50973",
      "username" : "牛牛",
      "viewnum" : "31"
    },
    {
      "credit" : "63",
      "experience" : "81",
      "friendnum" : "3",
      "groupid" : "5",
      "headimage" : "/my/headimage.php?uid=51064",
      "lastactivity" : 0,
      "realname" : "",
      "uid" : "51064",
      "username" : "飘扬的云朵",
      "viewnum" : "11"
    },
    {
      "credit" : "22",
      "experience" : "45",
      "friendnum" : "0",
      "groupid" : "5",
      "headimage" : "/my/headimage.php?uid=51231",
      "lastactivity" : 0,
      "realname" : "周·",
      "uid" : "51231",
      "username" : "Q853702686",
      "viewnum" : "3"
    },
    {
      "credit" : "82",
      "experience" : "155",
      "friendnum" : "3",
      "groupid" : "6",
      "headimage" : "/my/headimage.php?uid=51067",
      "lastactivity" : 0,
      "realname" : "",
      "uid" : "51067",
      "username" : "shit牛牛",
      "viewnum" : "23"
    },
    {
      "credit" : "56",
      "experience" : "46",
      "friendnum" : "0",
      "groupid" : "5",
      "headimage" : "/my/headimage.php?uid=51092",
      "lastactivity" : 0,
      "realname" : "",
      "uid" : "51092",
      "username" : "familyhello",
      "viewnum" : "0"
    },
    {
      "credit" : "782",
      "experience" : "753",
      "friendnum" : "15",
      "groupid" : "6",
      "headimage" : "/my/headimage.php?uid=49470",
      "lastactivity" : 0,
      "realname" : "",
      "uid" : "49470",
      "username" : "oijmoijm",
      "viewnum" : "92"
    },
    {
      "credit" : "796",
      "experience" : "710",
      "friendnum" : "5",
      "groupid" : "6",
      "headimage" : "/my/headimage.php?uid=49542",
      "lastactivity" : 0,
      "realname" : "asdf",
      "uid" : "49542",
      "username" : "浅浅的阳光",
      "viewnum" : "91"
    },
    {
      "credit" : "28",
      "experience" : "18",
      "friendnum" : "0",
      "groupid" : "5",
      "headimage" : "/my/headimage.php?uid=51079",
      "lastactivity" : 0,
      "realname" : "",
      "uid" : "51079",
      "username" : "killer_one111",
      "viewnum" : "0"
    },
    {
      "credit" : "675",
      "experience" : "723",
      "friendnum" : "8",
      "groupid" : "6",
      "headimage" : "/my/headimage.php?uid=49548",
      "lastactivity" : "1402364787",
      "realname" : "提莫队长",
      "uid" : "49548",
      "username" : "1400030",
      "viewnum" : "26"
    },
    {
      "credit" : "142",
      "experience" : "100",
      "friendnum" : "2",
      "groupid" : "6",
      "headimage" : "/my/headimage.php?uid=51062",
      "lastactivity" : 0,
      "realname" : "张成全",
      "uid" : "51062",
      "username" : "1415031",
      "viewnum" : "6"
    },
    {
      "credit" : "431",
      "experience" : "420",
      "friendnum" : "3",
      "groupid" : "6",
      "headimage" : "/my/headimage.php?uid=50504",
      "lastactivity" : 0,
      "realname" : "",
      "uid" : "50504",
      "username" : "st12345",
      "viewnum" : "6"
    }
  ]
}
